{"cameraMode":{"drawMode":0,"name":"Shaded","section":"Shading Mode"},"sceneLighting":true,"audioPlay":false,"sceneViewState":{"showFog":true,"showMaterialUpdate":false,"showSkybox":true,"showFlares":true,"showImageEffects":true,"showParticleSystems":true},"in2DMode":false,"pivot":{"x":50.02018356323242,"y":1.340870976448059,"z":40.27983093261719},"rotation":{"x":0.023585759103298188,"y":0.8588060140609741,"z":0.03969639167189598,"w":-0.5102478265762329},"size":8.456029891967774,"orthographic":false}